video_id,label,pretrained_polyp_probs,finetuned_polyp_probs
seq3_clip1,1,0.9968175888061523,0.649527907371521
seq3_clip2,1,0.9969461560249329,0.7644760608673096
seq10_clip1,1,0.9898977279663086,0.735318124294281
seq20_clip1,1,0.996997594833374,0.5581666827201843
seq20_clip2,1,0.967431902885437,0.08874495327472687
seq21_clip1,1,0.996701180934906,0.7309056520462036
seq21_clip2,1,0.9971697926521301,0.32287973165512085
seq23_clip1,1,0.9357802271842957,0.929474413394928
seq23_clip2,1,0.998778760433197,0.8524050712585449
seq23_clip3,1,0.0009497079299762845,0.8210763931274414
seq1_clip1,0,0.9960581064224243,0.6330270767211914
seq1_clip2,0,0.9957607388496399,0.4623713195323944
seq1_clip3,0,0.9949756860733032,0.33893677592277527
seq7_clip1,0,0.9942777752876282,0.7261296510696411
seq7_clip2,0,0.9984900951385498,0.6097076535224915
seq18_neg_clip1,0,0.9973661303520203,0.3081481158733368
seq18_neg_clip2,0,0.9953694939613342,0.2125740498304367
seq18_neg_clip3,0,0.998710036277771,0.19567957520484924
seq10_neg_clip1,0,0.9950972199440002,0.15016378462314606
seq10_neg_clip2,0,0.9984564781188965,0.4218904376029968
