dataset;label;video_id;dataCollectionCenter;originalResolution;sourceFolder;cropbox;id_frames
train;1;seq2_clip1;Oslo University Hospital;1920 x 1080;sequenceData\positive\seq2;[690,4,1920-160,1080-6];[935,940,944,963,966,970]
train;1;seq2_clip2;Oslo University Hospital;1920 x 1080;sequenceData\positive\seq2;[690,4,1920-160,1080-6];[973,975,978,980,981,984]
train;1;seq2_clip3;Oslo University Hospital;1920 x 1080;sequenceData\positive\seq2;[690,4,1920-160,1080-6];[987,992,993,994,1000,1009]
train;1;seq2_clip4;Oslo University Hospital;1920 x 1080;sequenceData\positive\seq2;[690,4,1920-160,1080-6];[1011,1012,1013,1014,1017,1018]
train;1;seq2_clip5;Oslo University Hospital;1920 x 1080;sequenceData\positive\seq2;[690,4,1920-160,1080-6];[1020,1021,1028,1045,1051,1060]
train;1;seq2_clip6;Oslo University Hospital;1920 x 1080;sequenceData\positive\seq2;[690,4,1920-160,1080-6];[1062,1063,1066,1067,1072,1079]
train;1;seq2_clip7;Oslo University Hospital;1920 x 1080;sequenceData\positive\seq2;[690,4,1920-160,1080-6];[1083,1085,1086,1088,1096,1099]
train;1;seq2_clip8;Oslo University Hospital;1920 x 1080;sequenceData\positive\seq2;[690,4,1920-160,1080-6];[1101,1112,1115,1128,1136,1139]
train;1;seq2_clip9;Oslo University Hospital;1920 x 1080;sequenceData\positive\seq2;[690,4,1920-160,1080-6];[1140,1143,1152,1154,1160,1167]
train;1;seq2_clip10;Oslo University Hospital;1920 x 1080;sequenceData\positive\seq2;[690,4,1920-160,1080-6];[1179,1181,1183,1186,1187,1188]
test;1;seq3_clip1;Oslo University Hospital;1920 x 1080;sequenceData\positive\seq3;[690,4,1920-160,1080-6];[262,265,266,273,275,280]
test;1;seq3_clip2;Oslo University Hospital;1920 x 1080;sequenceData\positive\seq3;[690,4,1920-160,1080-6];[294,296,301,303,305,308]
val;1;seq4_clip1;Oslo University Hospital;1920 x 1080;sequenceData\positive\seq4;[690,4,1920-160,1080-6];[357,361,368,374,375,376]
val;1;seq4_clip2;Oslo University Hospital;1920 x 1080;sequenceData\positive\seq4;[690,4,1920-160,1080-6];[381,384,387,393,394,396]
val;1;seq4_clip3;Oslo University Hospital;1920 x 1080;sequenceData\positive\seq4;[690,4,1920-160,1080-6];[452,455,458,462,467,468]
val;1;seq4_clip4;Oslo University Hospital;1920 x 1080;sequenceData\positive\seq4;[690,4,1920-160,1080-6];[486,487,493,499,504,505]
val;1;seq4_clip5;Oslo University Hospital;1920 x 1080;sequenceData\positive\seq4;[690,4,1920-160,1080-6];[513,517,518,524,528,529]
train;1;seq6_clip1;Oslo University Hospital;1920 x 1080;sequenceData\positive\seq6;[690,4,1920-160,1080-6];[1179,1191,1195,1197,1198,1211]
train;1;seq6_clip2;Oslo University Hospital;1920 x 1080;sequenceData\positive\seq6;[690,4,1920-160,1080-6];[1217,1220,1221,1223,1226,1230]
train;1;seq6_clip3;Oslo University Hospital;1920 x 1080;sequenceData\positive\seq6;[690,4,1920-160,1080-6];[1234,1236,1238,1239,1241,1252]
train;1;seq6_clip4;Oslo University Hospital;1920 x 1080;sequenceData\positive\seq6;[690,4,1920-160,1080-6];[1254,1259,1260,1261,1263,1266]
train;1;seq6_clip5;Oslo University Hospital;1920 x 1080;sequenceData\positive\seq6;[690,4,1920-160,1080-6];[1271,1274,1280,1283,1289,1292]
train;1;seq6_clip6;Oslo University Hospital;1920 x 1080;sequenceData\positive\seq6;[690,4,1920-160,1080-6];[1295,1296,1297,1298,1300,1301]
train;1;seq6_clip7;Oslo University Hospital;1920 x 1080;sequenceData\positive\seq6;[690,4,1920-160,1080-6];[1313,1314,1318,1321,1328,1331]
train;1;seq6_clip8;Oslo University Hospital;1920 x 1080;sequenceData\positive\seq6;[690,4,1920-160,1080-6];[1332,1340,1341,1342,1347,1353]
train;1;seq6_clip9;Oslo University Hospital;1920 x 1080;sequenceData\positive\seq6;[690,4,1920-160,1080-6];[1357,1362,1364,1365,1369,1373]
train;1;seq6_clip10;Oslo University Hospital;1920 x 1080;sequenceData\positive\seq6;[690,4,1920-160,1080-6];[1377,1381,1389,1390,1403,1413]
train;1;seq6_clip11;Oslo University Hospital;1920 x 1080;sequenceData\positive\seq6;[690,4,1920-160,1080-6];[1422,1437,1440,1442,1464,1466]
train;1;seq8_clip1;Oslo University Hospital;1920 x 1080;sequenceData\positive\seq8;[690,4,1920-160,1080-6];[724,725,728,731,734,751]
train;1;seq8_clip2;Oslo University Hospital;1920 x 1080;sequenceData\positive\seq8;[690,4,1920-160,1080-6];[757,759,761,766,767,781]
train;1;seq8_clip3;Oslo University Hospital;1920 x 1080;sequenceData\positive\seq8;[690,4,1920-160,1080-6];[820,821,826,833,834,840]
train;1;seq8_clip4;Oslo University Hospital;1920 x 1080;sequenceData\positive\seq8;[690,4,1920-160,1080-6];[845,847,851,853,858,861]
train;1;seq8_clip5;Oslo University Hospital;1920 x 1080;sequenceData\positive\seq8;[690,4,1920-160,1080-6];[865,866,871,873,874,875]
train;1;seq8_clip6;Oslo University Hospital;1920 x 1080;sequenceData\positive\seq8;[690,4,1920-160,1080-6];[876,877,878,881,885,889]
train;1;seq8_clip7;Oslo University Hospital;1920 x 1080;sequenceData\positive\seq8;[690,4,1920-160,1080-6];[891,893,894,899,901,929]
train;1;seq8_clip8;Oslo University Hospital;1920 x 1080;sequenceData\positive\seq8;[690,4,1920-160,1080-6];[941,943,954,965,972,985]
train;1;seq8_clip9;Oslo University Hospital;1920 x 1080;sequenceData\positive\seq8;[690,4,1920-160,1080-6];[993,1001,1013,1019,1023,1030]
train;1;seq8_clip10;Oslo University Hospital;1920 x 1080;sequenceData\positive\seq8;[690,4,1920-160,1080-6];[1031,1036,1041,1044,1048,1050]
train;1;seq8_clip11;Oslo University Hospital;1920 x 1080;sequenceData\positive\seq8;[690,4,1920-160,1080-6];[1052,1054,1065,1067,1084,1089]
train;1;seq9_clip1;Oslo University Hospital;1920 x 1080;sequenceData\positive\seq9;[690,4,1920-160,1080-6];[173,182,183,191,193,194]
train;1;seq9_clip2;Oslo University Hospital;1920 x 1080;sequenceData\positive\seq9;[690,4,1920-160,1080-6];[197,198,203,206,211,218]
train;1;seq9_clip3;Oslo University Hospital;1920 x 1080;sequenceData\positive\seq9;[690,4,1920-160,1080-6];[225,227,228,229,234,256]
train;1;seq9_clip4;Oslo University Hospital;1920 x 1080;sequenceData\positive\seq9;[690,4,1920-160,1080-6];[318,327,328,331,332,335]
train;1;seq9_clip5;Oslo University Hospital;1920 x 1080;sequenceData\positive\seq9;[690,4,1920-160,1080-6];[385,392,412,417,419,420]
test;1;seq10_clip1;Oslo University Hospital;1920 x 1080;sequenceData\positive\seq10;[690,4,1920-160,1080-6];[1039,1049,1052,1054,1055,1057]
val;1;seq16_clip1;University of Alexandria;1280 x 720 px;sequenceData\positive\seq16;[465,5,1280-106,720-6];[50,60,70,80,90,100]
val;1;seq16_clip2;University of Alexandria;1280 x 720 px;sequenceData\positive\seq16;[465,5,1280-106,720-6];[110,120,130,140,150,160]
val;1;seq16_clip3;University of Alexandria;1280 x 720 px;sequenceData\positive\seq16;[465,5,1280-106,720-6];[170,180,190,200,210,220]
val;1;seq16_clip4;University of Alexandria;1280 x 720 px;sequenceData\positive\seq16;[465,5,1280-106,720-6];[230,240,250,260,270,280]
val;1;seq16_clip5;University of Alexandria;1280 x 720 px;sequenceData\positive\seq16;[465,5,1280-106,720-6];[290,300,310,320,330,340]
train;0;seq17_clip1;University of Alexandria;1280 x 720 px;sequenceData\positive\seq17;[476,14,1280-116,720-18];[0,12,24,36,48,60]
train;0;seq17_clip2;University of Alexandria;1280 x 720 px;sequenceData\positive\seq17;[476,14,1280-116,720-18];[96,108,120,132,144,156]
train;1;seq17_clip3;University of Alexandria;1280 x 720 px;sequenceData\positive\seq17;[476,14,1280-116,720-18];[180,192,204,216,228,240]
train;1;seq17_clip4;University of Alexandria;1280 x 720 px;sequenceData\positive\seq17;[476,14,1280-116,720-18];[252,264,276,288,300,312]
train;1;seq17_clip5;University of Alexandria;1280 x 720 px;sequenceData\positive\seq17;[476,14,1280-116,720-18];[324,336,348,360,372,384]
train;1;seq17_clip6;University of Alexandria;1280 x 720 px;sequenceData\positive\seq17;[476,14,1280-116,720-18];[396,408,420,432,444,456]
train;1;seq17_clip7;University of Alexandria;1280 x 720 px;sequenceData\positive\seq17;[476,14,1280-116,720-18];[468,480,492,504,516,528]
train;1;seq17_clip8;University of Alexandria;1280 x 720 px;sequenceData\positive\seq17;[476,14,1280-116,720-18];[540,552,564,576,588,600]
train;1;seq17_clip9;University of Alexandria;1280 x 720 px;sequenceData\positive\seq17;[476,14,1280-116,720-18];[612,624,636,648,660,672]
train;1;seq17_clip10;University of Alexandria;1280 x 720 px;sequenceData\positive\seq17;[476,14,1280-116,720-18];[684,696,708,720,732,744]
train;1;seq18_clip1;University of Alexandria;1280 x 720 px;sequenceData\positive\seq18;[505,45,1280-149,720-49];[0,12,24,36,48,60]
train;1;seq18_clip2;University of Alexandria;1280 x 720 px;sequenceData\positive\seq18;[505,45,1280-149,720-49];[72,84,96,108,120,132]
train;1;seq18_clip3;University of Alexandria;1280 x 720 px;sequenceData\positive\seq18;[505,45,1280-149,720-49];[144,156,168,180,192,204]
train;1;seq18_clip4;University of Alexandria;1280 x 720 px;sequenceData\positive\seq18;[505,45,1280-149,720-49];[216,228,240,252,264,276]
train;1;seq18_clip5;University of Alexandria;1280 x 720 px;sequenceData\positive\seq18;[505,45,1280-149,720-49];[288,300,312,324,336,348]
train;1;seq18_clip6;University of Alexandria;1280 x 720 px;sequenceData\positive\seq18;[505,45,1280-149,720-49];[360,372,384,396,408,420]
train;1;seq18_clip7;University of Alexandria;1280 x 720 px;sequenceData\positive\seq18;[505,45,1280-149,720-49];[432,444,456,468,480,492]
train;1;seq18_clip8;University of Alexandria;1280 x 720 px;sequenceData\positive\seq18;[505,45,1280-149,720-49];[504,516,528,540,552,564]
train;1;seq18_clip9;University of Alexandria;1280 x 720 px;sequenceData\positive\seq18;[505,45,1280-149,720-49];[576,588,600,612,624,636]
train;1;seq19_clip1;University of Alexandria;1280 x 720 px;sequenceData\positive\seq19;[505,45,1280-149,720-49];[0,12,24,36,48,60]
train;1;seq19_clip2;University of Alexandria;1280 x 720 px;sequenceData\positive\seq19;[505,45,1280-149,720-49];[72,84,96,108,120,132]
train;1;seq19_clip3;University of Alexandria;1280 x 720 px;sequenceData\positive\seq19;[505,45,1280-149,720-49];[144,156,168,180,192,204]
train;1;seq19_clip4;University of Alexandria;1280 x 720 px;sequenceData\positive\seq19;[505,45,1280-149,720-49];[216,228,240,252,264,276]
train;1;seq19_clip5;University of Alexandria;1280 x 720 px;sequenceData\positive\seq19;[505,45,1280-149,720-49];[288,300,312,324,336,348]
train;1;seq19_clip6;University of Alexandria;1280 x 720 px;sequenceData\positive\seq19;[505,45,1280-149,720-49];[360,372,384,396,408,420]
train;1;seq19_clip7;University of Alexandria;1280 x 720 px;sequenceData\positive\seq19;[505,45,1280-149,720-49];[432,444,456,468,480,492]
train;1;seq19_clip8;University of Alexandria;1280 x 720 px;sequenceData\positive\seq19;[505,45,1280-149,720-49];[504,516,528,540,552,564]
test;1;seq20_clip1;University of Alexandria;1280 x 720 px;sequenceData\positive\seq20;[465,5,1280-106,720-6];[380,400,420,440,460,480]
test;1;seq20_clip2;University of Alexandria;1280 x 720 px;sequenceData\positive\seq20;[465,5,1280-106,720-6];[500,520,540,560,580,600]
test;1;seq21_clip1;University of Alexandria;1280 x 720 px;sequenceData\positive\seq21;[465,5,1280-106,720-6];[144,156,168,180,192,204]
test;1;seq21_clip2;University of Alexandria;1280 x 720 px;sequenceData\positive\seq21;[465,5,1280-106,720-6];[216,228,240,252,264,276]
train;1;seq22_clip1;University of Alexandria;1280 x 720 px;sequenceData\positive\seq22;[476,14,1280-116,720-18];[30,60,90,120,150,180]
train;1;seq22_clip2;University of Alexandria;1280 x 720 px;sequenceData\positive\seq22;[476,14,1280-116,720-18];[210,240,270,300,330,360]
train;1;seq22_clip3;University of Alexandria;1280 x 720 px;sequenceData\positive\seq22;[476,14,1280-116,720-18];[390,420,450,480,510,540]
train;1;seq22_clip4;University of Alexandria;1280 x 720 px;sequenceData\positive\seq22;[476,14,1280-116,720-18];[750,780,810,840,870,900]
train;1;seq22_clip5;University of Alexandria;1280 x 720 px;sequenceData\positive\seq22;[476,14,1280-116,720-18];[1110,1140,1170,1200,1230,1260]
test;1;seq23_clip1;University of Alexandria;1280 x 720 px;sequenceData\positive\seq23;[514,14,1280-74,720-14];[1920,2000,2080,2160,2240,2320]
test;1;seq23_clip2;University of Alexandria;1280 x 720 px;sequenceData\positive\seq23;[514,14,1280-74,720-14];[2400,2480,2560,2640,2720,2800]
test;1;seq23_clip3;University of Alexandria;1280 x 720 px;sequenceData\positive\seq23;[514,14,1280-74,720-14];[3440,3520,3600,3680,3760,3840]
test;0;seq1_clip1;Oslo University Hospital;1920 x 1080;sequenceData\positive\seq1;[690,4,1920-160,1080-6];[106,141,143,166,167,169]
test;0;seq1_clip2;Oslo University Hospital;1920 x 1080;sequenceData\positive\seq1;[690,4,1920-160,1080-6];[221,224,233,248,250,272]
test;0;seq1_clip3;Oslo University Hospital;1920 x 1080;sequenceData\positive\seq1;[690,4,1920-160,1080-6];[280,284,293,299,300,303]
test;0;seq7_clip1;Oslo University Hospital;1920 x 1080;sequenceData\positive\seq7;[690,4,1920-160,1080-6];[44,46,49,50,51,53]
test;0;seq7_clip2;Oslo University Hospital;1920 x 1080;sequenceData\positive\seq7;[690,4,1920-160,1080-6];[229,237,238,243,247,253]
test;0;seq18_neg_clip1;Oslo University Hospital;1920 x 1080;sequenceData\negativeOnly\seq18_neg;[704,18,1920-172,1080-18];[360,361,362,363,364,365]
test;0;seq18_neg_clip2;Oslo University Hospital;1920 x 1080;sequenceData\negativeOnly\seq18_neg;[704,18,1920-172,1080-18];[366,367,368,369,370,371]
test;0;seq18_neg_clip3;Oslo University Hospital;1920 x 1080;sequenceData\negativeOnly\seq18_neg;[704,18,1920-172,1080-18];[372,373,374,375,376,377]
test;0;seq10_neg_clip1;Oslo University Hospital;1920 x 1080;sequenceData\negativeOnly\seq10_neg;[690,4,1920-160,1080-6];[29,32,33,35,44,48]
test;0;seq10_neg_clip2;Oslo University Hospital;1920 x 1080;sequenceData\negativeOnly\seq10_neg;[690,4,1920-160,1080-6];[130,141,156,157,158,162]
val;0;seq22_neg_clip1;Oslo University Hospital;1920 x 1080;sequenceData\negativeOnly\seq22_neg;[704,18,1920-172,1080-18];[120,121,122,123,124,125]
val;0;seq22_neg_clip2;Oslo University Hospital;1920 x 1080;sequenceData\negativeOnly\seq22_neg;[704,18,1920-172,1080-18];[126,127,128,129,130,131]
val;0;seq22_neg_clip3;Oslo University Hospital;1920 x 1080;sequenceData\negativeOnly\seq22_neg;[704,18,1920-172,1080-18];[132,133,134,135,136,137]
val;0;seq22_neg_clip4;Oslo University Hospital;1920 x 1080;sequenceData\negativeOnly\seq22_neg;[704,18,1920-172,1080-18];[150,151,152,153,154,155]
val;0;seq22_neg_clip5;Oslo University Hospital;1920 x 1080;sequenceData\negativeOnly\seq22_neg;[704,18,1920-172,1080-18];[192,193,194,195,196,197]
train;0;seq16_neg_clip1;Oslo University Hospital;1920 x 1080;sequenceData\negativeOnly\seq16_neg;[704,18,1920-172,1080-18];[64,65,66,67,68,69]
train;0;seq16_neg_clip2;Oslo University Hospital;1920 x 1080;sequenceData\negativeOnly\seq16_neg;[704,18,1920-172,1080-18];[76,77,78,79,80,81]
train;0;seq16_neg_clip3;Oslo University Hospital;1920 x 1080;sequenceData\negativeOnly\seq16_neg;[704,18,1920-172,1080-18];[94,95,96,97,98,99]
train;0;seq16_neg_clip4;Oslo University Hospital;1920 x 1080;sequenceData\negativeOnly\seq16_neg;[704,18,1920-172,1080-18];[166,167,168,169,170,171]
train;0;seq16_neg_clip5;Oslo University Hospital;1920 x 1080;sequenceData\negativeOnly\seq16_neg;[704,18,1920-172,1080-18];[172,173,174,175,176,177]
train;0;seq1_neg_clip1;Oslo University Hospital;1920 x 1080;sequenceData\negativeOnly\seq1_neg;[690,4,1920-160,1080-6];[9,15,16,18,19,21]
train;0;seq1_neg_clip2;Oslo University Hospital;1920 x 1080;sequenceData\negativeOnly\seq1_neg;[690,4,1920-160,1080-6];[22,29,35,36,39,42]
train;0;seq1_neg_clip3;Oslo University Hospital;1920 x 1080;sequenceData\negativeOnly\seq1_neg;[690,4,1920-160,1080-6];[43,51,54,55,56,57]
train;0;seq1_neg_clip4;Oslo University Hospital;1920 x 1080;sequenceData\negativeOnly\seq1_neg;[690,4,1920-160,1080-6];[88,90,94,97,116,117]
train;0;seq1_neg_clip5;Oslo University Hospital;1920 x 1080;sequenceData\negativeOnly\seq1_neg;[690,4,1920-160,1080-6];[216,224,225,232,234,239]
train;0;seq1_neg_clip6;Oslo University Hospital;1920 x 1080;sequenceData\negativeOnly\seq1_neg;[690,4,1920-160,1080-6];[243,246,247,268,274,281]
train;0;seq1_neg_clip7;Oslo University Hospital;1920 x 1080;sequenceData\negativeOnly\seq1_neg;[690,4,1920-160,1080-6];[293,296,300,312,314,317]
train;0;seq1_neg_clip8;Oslo University Hospital;1920 x 1080;sequenceData\negativeOnly\seq1_neg;[690,4,1920-160,1080-6];[799,800,802,811,822,827]
train;0;seq1_neg_clip9;Oslo University Hospital;1920 x 1080;sequenceData\negativeOnly\seq1_neg;[690,4,1920-160,1080-6];[1037,1045,1057,1060,1066,1069]
train;0;seq1_neg_clip10;Oslo University Hospital;1920 x 1080;sequenceData\negativeOnly\seq1_neg;[690,4,1920-160,1080-6];[1318,1319,1324,1336,1337,1347]
train;0;seq8_neg_clip1;Oslo University Hospital;1920 x 1080;sequenceData\negativeOnly\seq8_neg;[690,4,1920-160,1080-6];[39,40,42,46,48,57]
train;0;seq8_neg_clip2;Oslo University Hospital;1920 x 1080;sequenceData\negativeOnly\seq8_neg;[690,4,1920-160,1080-6];[59,62,77,85,88,107]
train;0;seq8_neg_clip3;Oslo University Hospital;1920 x 1080;sequenceData\negativeOnly\seq8_neg;[690,4,1920-160,1080-6];[109,117,120,124,129,133]
train;0;seq8_neg_clip4;Oslo University Hospital;1920 x 1080;sequenceData\negativeOnly\seq8_neg;[690,4,1920-160,1080-6];[284,289,291,301,307,309]
train;0;seq8_neg_clip5;Oslo University Hospital;1920 x 1080;sequenceData\negativeOnly\seq8_neg;[690,4,1920-160,1080-6];[310,312,313,316,321,329]
train;0;seq8_neg_clip6;Oslo University Hospital;1920 x 1080;sequenceData\negativeOnly\seq8_neg;[690,4,1920-160,1080-6];[331,332,336,337,352,354]
train;0;seq8_neg_clip7;Oslo University Hospital;1920 x 1080;sequenceData\negativeOnly\seq8_neg;[690,4,1920-160,1080-6];[362,372,373,374,376,378]
train;0;seq8_neg_clip8;Oslo University Hospital;1920 x 1080;sequenceData\negativeOnly\seq8_neg;[690,4,1920-160,1080-6];[731,741,742,749,754,761]
train;0;seq8_neg_clip9;Oslo University Hospital;1920 x 1080;sequenceData\negativeOnly\seq8_neg;[690,4,1920-160,1080-6];[894,901,914,916,924,929]
train;0;seq8_neg_clip10;Oslo University Hospital;1920 x 1080;sequenceData\negativeOnly\seq8_neg;[690,4,1920-160,1080-6];[1017,1020,1033,1036,1055,1060]
train;0;seq8_neg_clip11;Oslo University Hospital;1920 x 1080;sequenceData\negativeOnly\seq8_neg;[690,4,1920-160,1080-6];[1066,1071,1073,1082,1090,1091]
train;0;seq8_neg_clip12;Oslo University Hospital;1920 x 1080;sequenceData\negativeOnly\seq8_neg;[690,4,1920-160,1080-6];[1157,1160,1163,1165,1169,1171]
train;0;seq8_neg_clip13;Oslo University Hospital;1920 x 1080;sequenceData\negativeOnly\seq8_neg;[690,4,1920-160,1080-6];[1217,1218,1223,1225,1226,1237]
train;0;seq8_neg_clip14;Oslo University Hospital;1920 x 1080;sequenceData\negativeOnly\seq8_neg;[690,4,1920-160,1080-6];[1241,1249,1253,1254,1264,1265]
train;0;seq8_neg_clip15;Oslo University Hospital;1920 x 1080;sequenceData\negativeOnly\seq8_neg;[690,4,1920-160,1080-6];[1342,1347,1354,1357,1360,1362]
val;0;seq19_neg_clip1;Oslo University Hospital;1920 x 1080;sequenceData\negativeOnly\seq19_neg;[757,69,1920-223,1080-71];[169,170,171,172,173,174]
val;0;seq19_neg_clip2;Oslo University Hospital;1920 x 1080;sequenceData\negativeOnly\seq19_neg;[757,69,1920-223,1080-71];[181,182,183,184,185,186]
val;0;seq19_neg_clip3;Oslo University Hospital;1920 x 1080;sequenceData\negativeOnly\seq19_neg;[757,69,1920-223,1080-71];[193,194,195,196,197,198]
val;0;seq19_neg_clip4;Oslo University Hospital;1920 x 1080;sequenceData\negativeOnly\seq19_neg;[757,69,1920-223,1080-71];[199,200,201,202,203,204]
val;0;seq19_neg_clip5;Oslo University Hospital;1920 x 1080;sequenceData\negativeOnly\seq19_neg;[757,69,1920-223,1080-71];[205,206,207,208,209,210]
train;0;seq20_neg_clip1;Oslo University Hospital;1920 x 1080;sequenceData\negativeOnly\seq20_neg;[704,18,1920-172,1080-18];[10,11,12,13,14,15]
train;0;seq20_neg_clip2;Oslo University Hospital;1920 x 1080;sequenceData\negativeOnly\seq20_neg;[704,18,1920-172,1080-18];[16,17,18,19,20,21]
train;0;seq20_neg_clip3;Oslo University Hospital;1920 x 1080;sequenceData\negativeOnly\seq20_neg;[704,18,1920-172,1080-18];[22,23,24,25,26,27]
train;0;seq20_neg_clip4;Oslo University Hospital;1920 x 1080;sequenceData\negativeOnly\seq20_neg;[704,18,1920-172,1080-18];[28,29,30,31,32,33]
train;0;seq20_neg_clip5;Oslo University Hospital;1920 x 1080;sequenceData\negativeOnly\seq20_neg;[704,18,1920-172,1080-18];[34,35,36,37,38,39]
train;0;seq20_neg_clip6;Oslo University Hospital;1920 x 1080;sequenceData\negativeOnly\seq20_neg;[704,18,1920-172,1080-18];[40,41,42,43,44,45]
train;0;seq20_neg_clip7;Oslo University Hospital;1920 x 1080;sequenceData\negativeOnly\seq20_neg;[704,18,1920-172,1080-18];[64,65,66,67,68,69]
train;0;seq20_neg_clip8;Oslo University Hospital;1920 x 1080;sequenceData\negativeOnly\seq20_neg;[704,18,1920-172,1080-18];[70,71,72,73,74,75]
train;0;seq20_neg_clip9;Oslo University Hospital;1920 x 1080;sequenceData\negativeOnly\seq20_neg;[704,18,1920-172,1080-18];[112,113,114,115,116,117]
train;0;seq20_neg_clip10;Oslo University Hospital;1920 x 1080;sequenceData\negativeOnly\seq20_neg;[704,18,1920-172,1080-18];[118,119,120,121,122,123]
train;0;seq20_neg_clip11;Oslo University Hospital;1920 x 1080;sequenceData\negativeOnly\seq20_neg;[704,18,1920-172,1080-18];[124,125,126,127,128,129]
train;0;seq20_neg_clip12;Oslo University Hospital;1920 x 1080;sequenceData\negativeOnly\seq20_neg;[704,18,1920-172,1080-18];[130,131,132,133,134,135]
train;0;seq20_neg_clip13;Oslo University Hospital;1920 x 1080;sequenceData\negativeOnly\seq20_neg;[704,18,1920-172,1080-18];[148,149,150,151,152,153]
train;0;seq21_neg_clip1;Oslo University Hospital;1920 x 1080;sequenceData\negativeOnly\seq21_neg;[757,69,1920-223,1080-71];[520,521,522,523,524,525]
train;0;seq21_neg_clip2;Oslo University Hospital;1920 x 1080;sequenceData\negativeOnly\seq21_neg;[757,69,1920-223,1080-71];[526,527,528,529,530,531]
train;0;seq21_neg_clip3;Oslo University Hospital;1920 x 1080;sequenceData\negativeOnly\seq21_neg;[757,69,1920-223,1080-71];[532,533,534,535,536,537]
train;0;seq21_neg_clip4;Oslo University Hospital;1920 x 1080;sequenceData\negativeOnly\seq21_neg;[757,69,1920-223,1080-71];[538,539,540,541,542,543]
train;0;seq21_neg_clip5;Oslo University Hospital;1920 x 1080;sequenceData\negativeOnly\seq21_neg;[757,69,1920-223,1080-71];[544,545,546,547,548,549]
train;0;seq21_neg_clip6;Oslo University Hospital;1920 x 1080;sequenceData\negativeOnly\seq21_neg;[757,69,1920-223,1080-71];[562,563,564,565,566,567]
train;0;seq21_neg_clip7;Oslo University Hospital;1920 x 1080;sequenceData\negativeOnly\seq21_neg;[757,69,1920-223,1080-71];[574,575,576,577,578,579]
train;0;seq21_neg_clip8;Oslo University Hospital;1920 x 1080;sequenceData\negativeOnly\seq21_neg;[757,69,1920-223,1080-71];[604,605,606,607,608,609]
train;0;seq21_neg_clip9;Oslo University Hospital;1920 x 1080;sequenceData\negativeOnly\seq21_neg;[757,69,1920-223,1080-71];[610,611,612,613,614,615]
train;0;seq21_neg_clip10;Oslo University Hospital;1920 x 1080;sequenceData\negativeOnly\seq21_neg;[757,69,1920-223,1080-71];[628,629,630,631,632,633]
train;0;seq21_neg_clip11;Oslo University Hospital;1920 x 1080;sequenceData\negativeOnly\seq21_neg;[757,69,1920-223,1080-71];[652,653,654,655,656,657]
train;0;seq23_neg_clip1;Oslo University Hospital;1920 x 1080;sequenceData\negativeOnly\seq23_neg;[704,18,1920-172,1080-18];[19,20,21,22,23,24]
train;0;seq23_neg_clip2;Oslo University Hospital;1920 x 1080;sequenceData\negativeOnly\seq23_neg;[704,18,1920-172,1080-18];[31,32,33,34,35,36]
train;0;seq23_neg_clip3;Oslo University Hospital;1920 x 1080;sequenceData\negativeOnly\seq23_neg;[704,18,1920-172,1080-18];[37,38,39,40,41,42]
train;0;seq23_neg_clip4;Oslo University Hospital;1920 x 1080;sequenceData\negativeOnly\seq23_neg;[704,18,1920-172,1080-18];[43,44,45,46,47,48]
train;0;seq23_neg_clip5;Oslo University Hospital;1920 x 1080;sequenceData\negativeOnly\seq23_neg;[704,18,1920-172,1080-18];[49,50,51,52,53,54]
train;0;seq23_neg_clip6;Oslo University Hospital;1920 x 1080;sequenceData\negativeOnly\seq23_neg;[704,18,1920-172,1080-18];[73,74,75,76,77,78]
train;0;seq23_neg_clip7;Oslo University Hospital;1920 x 1080;sequenceData\negativeOnly\seq23_neg;[704,18,1920-172,1080-18];[85,86,87,88,89,90]
train;0;seq23_neg_clip8;Oslo University Hospital;1920 x 1080;sequenceData\negativeOnly\seq23_neg;[704,18,1920-172,1080-18];[99,100,101,102,103,104]
train;0;seq23_neg_clip9;Oslo University Hospital;1920 x 1080;sequenceData\negativeOnly\seq23_neg;[704,18,1920-172,1080-18];[109,110,111,112,113,114]
train;0;seq23_neg_clip10;Oslo University Hospital;1920 x 1080;sequenceData\negativeOnly\seq23_neg;[704,18,1920-172,1080-18];[133,134,135,136,137,138]
train;0;seq23_neg_clip11;Oslo University Hospital;1920 x 1080;sequenceData\negativeOnly\seq23_neg;[704,18,1920-172,1080-18];[145,146,147,148,149,150]
